{"cameraMode":{"drawMode":0,"name":"Shaded","section":"Shading Mode"},"sceneLighting":true,"audioPlay":false,"sceneViewState":{"m_AlwaysRefresh":false,"showFog":true,"showSkybox":true,"showFlares":true,"showImageEffects":true,"showParticleSystems":true,"showVisualEffectGraphs":true,"m_FxEnabled":true},"in2DMode":false,"pivot":{"x":498.1042785644531,"y":66.78328704833985,"z":-362.5367431640625},"rotation":{"x":-0.03869958221912384,"y":0.5533450841903687,"z":-0.025749197229743005,"w":-0.8316570520401001},"size":0.008966288529336453,"orthographic":false}