{"cameraMode":{"drawMode":0,"name":"Shaded","section":"Shading Mode"},"sceneLighting":true,"audioPlay":false,"sceneViewState":{"m_AlwaysRefresh":false,"showFog":true,"showSkybox":true,"showFlares":true,"showImageEffects":true,"showParticleSystems":true,"showVisualEffectGraphs":true,"m_FxEnabled":true},"in2DMode":false,"pivot":{"x":0.036307960748672488,"y":12.080305099487305,"z":-10.202616691589356},"rotation":{"x":0.33819636702537539,"y":-0.0014116918900981546,"z":0.0005072596832178533,"w":0.9410752654075623},"size":0.0046330648474395279,"orthographic":false}